<?xml version="1.0" encoding="UTF-8"?>
<Window size="800,600" sizebox="5,5,5,5" caption="0,0,0,30">	
	<VBox bkcolor="bk_wnd_darkcolor">
		<HBox width="stretch" height="30" bkcolor="bk_wnd_lightcolor" bordersize="1" bordercolor="border_color">
			<Control margin="5,5,0,5" width="20" height="20" bkimage="..\..\images\logo.ico"/>
			<Label name="label_system_title" text="配置工具®" width="auto" height="auto" margin="7,7,0,0" font="system_bold_12"/>
			<Control />
			<Button class="btn_wnd_min" name="minbtn" margin="0,3,0,0"/>
			<Button class="btn_wnd_max" name="maxbtn" margin="5,3,0,0"/>
			<Button class="btn_wnd_close" name="btn_system_close" margin="5,3,7,0"/>
		</HBox>
				
			<HBox>
				<TreeView class="list" name="tree_main" width="100" padding="5,10,0,0">
						<TreeNode class="listitem" height="30" text="开发配置" align="center">
							<!--
							<TreeNode class="listitem" height="30" text="child1" margin="10">
							</TreeNode>
							<TreeNode class="listitem" height="30" text="child2" margin="10">
							</TreeNode>
							<TreeNode class="listitem" height="30" text="child3" margin="10">
							</TreeNode>
							<TreeNode class="listitem" height="30" text="child4" margin="10">
							</TreeNode>
							-->
						</TreeNode>
						<TreeNode class="listitem" height="30" text="预备选项" align="center">
						</TreeNode>
						<TreeNode class="listitem" height="30" text="预备选项" align="center">
						</TreeNode>
						<TreeNode class="listitem" height="30" text="预备选项" align="center">
						</TreeNode>
				</TreeView>
				
				
				<TabBox width="stretch" height="stretch" name="tab_main" selectedid="0" >
					<HBox bkcolor="bk_wnd_darkcolor">
						<VBox width="120">					
							<VListBox class="list" name="list" bordercolor="border_color" bordersize="1">
								<ListContainerElement class="listitem" height="24" text="新建配置1" align="center" padding="2,2,2,2"/>
								<ListContainerElement class="listitem" height="24" text="新建配置2" align="center" padding="2,2,2,2"/>
								<ListContainerElement class="listitem" height="24" text="新建配置3" align="center" padding="2,2,2,2"/>
								<ListContainerElement class="listitem" height="24" text="新建配置4" align="center" padding="2,2,2,2"/>
								<ListContainerElement class="listitem" height="24" text="新建配置5" align="center" padding="2,2,2,2"/>
								<ListContainerElement class="listitem" height="24" text="新建配置6" align="center" padding="2,2,2,2"/>
								<ListContainerElement class="listitem" height="24" text="新建配置7" align="center" padding="2,2,2,2"/>						
								
							</VListBox>		
	
	
							<HBox height="20">
								<Control />
								<Button class="btn_global_red_80x30" name="btn_browser_config_create" text="创建" width="49" valign="center" halign="center" align="center" font="system_bold_12"/>
								<Control width="2"/>
								<Button class="btn_global_red_80x30" name="btn_browser_config_remove" text="删除" width="49" valign="center" halign="center" align="center" font="system_bold_12"/>
								<Control width="2"/>
							</HBox>
							
							<Control height="2" />
						</VBox>
					<!--
						<VBox margin="0,0,0,0" valign="center" halign="center" width="auto" height="auto" bkcolor="bk_wnd_darkcolor">
							<Label name="tooltip" text="您好！" font="system_bold_22"/>
						</VBox>
						-->
					</HBox>

					<VBox margin="0,0,0,0" valign="center" halign="center" width="auto" height="auto" bkcolor="bk_wnd_darkcolor">
						<Label name="tooltip" text="Hello！" font="system_bold_22"/>
					</VBox>

					<VBox margin="0,0,0,0" valign="center" halign="center" width="auto" height="auto" bkcolor="bk_wnd_darkcolor">
						<Label name="tooltip" text="嗨！" font="system_bold_22"/>
					</VBox>

					<VBox margin="0,0,0,0" valign="center" halign="center" width="auto" height="auto" bkcolor="bk_wnd_darkcolor">
						<Label name="tooltip" text="好久不见！" font="system_bold_22"/>
					</VBox>

				</TabBox>
		
			</HBox>
		
		


	</VBox>
</Window>